{
  "dataset": "pems04",
  "horizons": [
    3,
    6,
    12
  ],
  "metrics": {
    "0": {
      "MAE": 22.548931641787167,
      "RMSE": 37.147879007519265
    },
    "1": {
      "MAE": 23.094296673577304,
      "RMSE": 37.904303705933025
    },
    "2": {
      "MAE": 24.01708247784567,
      "RMSE": 39.026631187658204
    }
  },
  "train_losses": [
    0.28212338528923087,
    0.0822672832656551,
    0.06781903897991051,
    0.06137849481121914,
    0.05615740513076653,
    0.052975913459384766,
    0.051112469144769614,
    0.0494266702919393,
    0.048850495005781584,
    0.04772416353225708,
    0.04707665644787453,
    0.046784614187640114,
    0.04618806778579145,
    0.04601564322774475,
    0.045444595048556455,
    0.044908921440710896,
    0.044910550439679946,
    0.04427622353305688,
    0.04429836160427815,
    0.04422508947349883,
    0.043765328522469546,
    0.043634105775807355,
    0.043372580751373964,
    0.04331347881942182,
    0.04311051026389406,
    0.042981550902933686,
    0.04260319944571804,
    0.04264975935220718,
    0.042374376086769874,
    0.04238040356619938,
    0.04069333312076491,
    0.04044630940298776,
    0.04061243173641128,
    0.04048028447338053,
    0.04065027406086793,
    0.04036580753084776,
    0.04047917600821804,
    0.04040455048954165,
    0.04017331731077787,
    0.03920514704407872,
    0.03908734599480758,
    0.03916473871952779,
    0.03908654703079043,
    0.03909571859482172,
    0.03904305607885928,
    0.03909415192902088,
    0.03902576583865527,
    0.038945616842121694,
    0.03887975576358872,
    0.038263215436726006,
    0.0382346636741548,
    0.038156665720649664,
    0.0381665226072073,
    0.03815341497192512,
    0.0380929886086567,
    0.03814116277404734,
    0.03813863028142903,
    0.03807137143370268,
    0.03801246144481608,
    0.03804102158425628,
    0.03803687613155391,
    0.03798116743564606,
    0.03766184129022263,
    0.037611132940730534,
    0.03760387041681522,
    0.03756770933600696,
    0.037592306259918856,
    0.037553954456706305,
    0.037525487590480494,
    0.03755879226971317,
    0.03750179937562427,
    0.037325009884866506,
    0.037295534330848104,
    0.03729420044534915,
    0.03731081407215144,
    0.037316547908090254,
    0.03729524471469828,
    0.037179240916629094,
    0.037179799710173864,
    0.03718873108359608,
    0.037140360353766264,
    0.03711457422657593,
    0.03712909795545243,
    0.037156595803193145,
    0.03712904635514762,
    0.03711975011471155,
    0.03711598276890613,
    0.03707613323789996,
    0.037088113529859364,
    0.0370891069943035,
    0.03708697470861512,
    0.037047746062681484,
    0.037040508911013605,
    0.03704932479036821,
    0.03705601575406822,
    0.03706815647515091,
    0.03709204553349598,
    0.0370558859327355,
    0.037046599468669374,
    0.03700596156555253,
    0.03706087281776441,
    0.03702962684470254,
    0.037014949502977165,
    0.03703805431723595,
    0.03701586137349541,
    0.037017776515032796,
    0.03700743991176824
  ],
  "val_losses": [
    0.09352099930621544,
    0.07349208694935408,
    0.06759322949527007,
    0.0648484375538691,
    0.06310782426933073,
    0.060538009178104264,
    0.060444948087745115,
    0.05942137309191924,
    0.05861284740198896,
    0.058516039144036906,
    0.05906477865745437,
    0.058953322013312916,
    0.05646038143280542,
    0.05722545786708031,
    0.05656489132429069,
    0.056911328649324064,
    0.055667884103110375,
    0.05676598911929243,
    0.05499329939836039,
    0.05594780747690853,
    0.054599147957732096,
    0.05566588855998696,
    0.05467513664010561,
    0.05351518533842744,
    0.05535928518423494,
    0.05389549648213499,
    0.054052482657837415,
    0.05442416353397212,
    0.05365342135488425,
    0.054293763964384234,
    0.05216767656493862,
    0.05231077169542605,
    0.051822948445267275,
    0.0532267083993779,
    0.052293308237391825,
    0.052482895886982385,
    0.052126148329028545,
    0.052066430308908784,
    0.05195760289382822,
    0.051416514177789106,
    0.05125670085819262,
    0.05152344916297017,
    0.05081255841156784,
    0.05113635860594376,
    0.05108535848557949,
    0.05120854747464072,
    0.0513347627876221,
    0.05126244453537577,
    0.051253070457364026,
    0.05070149434624978,
    0.05054723808787904,
    0.050673255204873265,
    0.05048935805921847,
    0.05066305038712497,
    0.05062872419168927,
    0.050393228278548086,
    0.050480880352826614,
    0.05072880805171323,
    0.05091670886525568,
    0.05087256331418483,
    0.050659890655639035,
    0.05087041480572156,
    0.05037812686542857,
    0.05033353431466615,
    0.05024753721817484,
    0.050365649778747336,
    0.05028556819724025,
    0.05041832673662114,
    0.050324840928023716,
    0.05044624845514882,
    0.0503740533307757,
    0.05031778499976082,
    0.05037706350591385,
    0.05028804894185291,
    0.0502994484707432,
    0.05044790524286481,
    0.05033074140126975,
    0.05023451432374851,
    0.05036348728287333,
    0.05018286953486924,
    0.05020499672248678,
    0.05021746906469453,
    0.05033216850375229,
    0.0502184705703326,
    0.050234467002018446,
    0.050353759231994734,
    0.05028698554719394,
    0.05019372200839362,
    0.05021572921354816,
    0.05025080747832105,
    0.05017258323518173,
    0.05012361413605933,
    0.050153597451324736,
    0.05022682455139903,
    0.05028372697251023,
    0.05023131117154405,
    0.050221753499980246,
    0.05023161118041794,
    0.05020375222951736,
    0.050226694693402296,
    0.05021595215108597,
    0.05023281415045824,
    0.0502321937841908,
    0.05018141324508865,
    0.050186247863578344,
    0.050224726931807004,
    0.05019932603990694
  ]
}